{
  "project_info": {
    "project_number": "530068676636",
    "firebase_url": "https://myhealth-10e51.firebaseio.com",
    "project_id": "myhealth-10e51",
    "storage_bucket": "myhealth-10e51.appspot.com"
  },
  "client": [
    {
      "client_info": {
        "mobilesdk_app_id": "1:530068676636:android:39fa327a1e66d9a522ffd9",
        "android_client_info": {
          "package_name": "com.myhealth.myapplication"
        }
      },
      "oauth_client": [
        {
          "client_id": "530068676636-htc0rmq64a93ia85q6optteculf1h7ga.apps.googleusercontent.com",
          "client_type": 3
        }
      ],
      "api_key": [
        {
          "current_key": "AIzaSyBtPb2eMzYJ0CTWV_x-axjUzJY4YT8F-2A"
        }
      ],
      "services": {
        "appinvite_service": {
          "other_platform_oauth_client": [
            {
              "client_id": "530068676636-htc0rmq64a93ia85q6optteculf1h7ga.apps.googleusercontent.com",
              "client_type": 3
            }
          ]
        }
      }
    }
  ],
  "configuration_version": "1"
}